Rank,Place,State,Census,Estimates Base,2010,2011,latitude,longitude
1,New York city,New York,"8,175,133","8,175,133","8,186,443","8,244,910",40.730599,-73.986581
2,Los Angeles city,California,"3,792,621","3,792,625","3,795,761","3,819,702",19.363055,-99.247796
3,Chicago city,Illinois,"2,695,598","2,695,598","2,698,283","2,707,120",17.814947,-88.311548
4,Houston city,Texas,"2,099,451","2,099,430","2,108,278","2,145,146",41.337302,-75.73297
5,Philadelphia city,Pennsylvania,"1,526,006","1,526,006","1,528,074","1,536,471",36.723483,-76.593562
6,Phoenix city,Arizona,"1,445,632","1,445,656","1,448,531","1,469,471",30.555139,104.04978
7,San Antonio city,Texas,"1,327,407","1,327,606","1,334,431","1,359,758",7.130837,125.747808
8,San Diego city,California,"1,307,402","1,307,406","1,311,516","1,326,179",19.575758,-99.133289
9,Dallas city,Texas,"1,197,816","1,197,816","1,201,715","1,223,229",41.940897,-78.555579
10,San Jose city,California,"945,942","952,612","955,091","967,487",15.791741,120.989145
11,Jacksonville city,Florida,"821,784","821,784","822,883","827,908",40.070886,-74.84843
12,Indianapolis city (balance),Indiana,"820,445","820,442","821,708","827,609",39.78373,-100.445882
13,Austin city,Texas,"790,390","790,390","795,378","820,611",38.781095,-107.950898
14,San Francisco city,California,"805,235","805,235","805,340","812,826",37.779277,-122.41927
15,Columbus city,Ohio,"787,033","787,073","788,696","797,434",34.460644,-86.233315
16,Fort Worth city,Texas,"741,206","742,030","745,231","758,738",-33.962545,18.639268
17,Charlotte city,North Carolina,"731,424","731,424","734,216","751,087",38.959105,-94.580993
18,Detroit city,Michigan,"713,777","713,777","711,700","706,585",14.674334,121.10036
19,El Paso city,Texas,"649,121","649,152","651,881","665,568",-34.607566,-58.403463
20,Memphis city,Tennessee,"646,889","646,889","647,780","652,050",31.799025,-106.443639
21,Boston city,Massachusetts,"617,594","617,594","618,147","625,087",36.735428,-76.600785
22,Seattle city,Washington,"608,660","608,660","610,480","620,778",25.18416,121.44694
23,Denver city,Colorado,"600,158","600,008","603,440","619,968",32.964548,-102.829096
24,Baltimore city,Maryland,"620,961","620,961","620,560","619,493",39.78373,-100.445882
25,Washington city,District of Columbia,"601,723","601,723","604,912","617,996",38.894955,-77.036646
26,Nashville-Davidson metropolitan government (balance),Tennessee,"601,222","601,222","602,537","609,644",39.78373,-100.445882
27,Louisville/Jefferson County metro government (balance),Kentucky,"597,337","597,337","598,207","602,011",39.78373,-100.445882
28,Milwaukee city,Wisconsin,"594,833","594,832","595,407","597,867",19.387383,-99.178516
29,Portland city,Oregon,"583,776","583,776","585,474","593,820",19.363939,-99.249048
30,Oklahoma City city,Oklahoma,"579,999","580,001","582,352","591,967",35.473444,-97.518506
31,Las Vegas city,Nevada,"583,756","583,748","584,539","589,317",35.489485,-97.549931
32,Albuquerque city,New Mexico,"545,852","545,852","547,392","552,804",35.144828,-106.613232
33,Tucson city,Arizona,"520,116","520,097","521,180","525,796",39.78373,-100.445882
34,Fresno city,California,"494,665","494,735","496,181","501,362",20.210278,-98.992778
35,Sacramento city,California,"466,488","466,488","467,575","472,178",14.890102,-90.558705
36,Long Beach city,California,"462,257","462,257","462,645","465,576",39.78373,-100.445882
37,Kansas City city,Missouri,"459,787","459,787","460,724","463,202",37.785426,-122.289152
38,Mesa city,Arizona,"439,041","439,193","440,079","446,518",50.675786,-120.424031
39,Virginia Beach city,Virginia,"437,994","437,994","439,122","442,707",36.59432,-75.887601
40,Atlanta city,Georgia,"420,003","420,005","422,387","432,427",19.380696,-99.178926
41,Colorado Springs city,Colorado,"416,427","416,427","419,745","426,388",38.803184,-104.699753
42,Raleigh city,North Carolina,"403,892","403,903","406,432","416,468",36.787371,-76.283551
43,Omaha city,Nebraska,"408,958","408,962","410,170","415,068",37.891713,-88.320043
44,Miami city,Florida,"399,457","399,457","400,509","408,750",25.184732,121.446608
45,Tulsa city,Oklahoma,"391,906","391,901","393,166","396,466",36.120596,-95.985336
46,Oakland city,California,"390,724","390,724","391,445","395,817",38.338659,-87.345013
47,Cleveland city,Ohio,"396,815","396,815","396,166","393,806",19.379985,-99.180601
48,Minneapolis city,Minnesota,"382,578","382,578","383,108","387,753",26.039853,-80.295064
49,Wichita city,Kansas,"382,368","382,368","383,085","384,445",37.785506,-122.288579
50,Arlington city,Texas,"365,438","365,438","367,021","373,698",40.632326,-74.165144
51,New Orleans city,Louisiana,"343,829","343,829","347,907","360,740",14.627215,121.045395
52,Bakersfield city,California,"347,483","347,462","348,541","352,428",38.319083,-77.496358
53,Tampa city,Florida,"335,709","335,709","336,820","346,037",27.960633,-82.441897
54,Anaheim city,California,"336,265","336,265","337,089","341,361",33.782108,-118.297551
55,Urban Honolulu CDP,Hawaii,"337,256","337,256","338,119","340,936",39.78373,-100.445882
56,Aurora city,Colorado,"325,078","325,078","326,650","332,354",-33.830278,18.631944
57,Santa Ana city,California,"324,528","324,528","325,321","329,427",14.583335,121.013041
58,St. Louis city,Missouri,"319,294","319,294","319,008","318,069",38.627273,-90.197889
59,Riverside city,California,"303,871","303,871","305,679","310,651",-34.019995,18.362116
60,Corpus Christi city,Texas,"305,215","305,215","305,349","307,953",14.730827,121.064717
61,Pittsburgh city,Pennsylvania,"305,704","305,704","306,956","307,484",40.730599,-73.986581
62,Lexington-Fayette urban county,Kentucky,"295,803","295,803","296,792","301,569",19.363055,-99.247796
63,Stockton city,California,"291,707","291,707","292,711","296,357",17.814947,-88.311548
64,Cincinnati city,Ohio,"296,943","296,950","296,797","296,223",41.337302,-75.73297
65,Anchorage municipality,Alaska,"291,826","291,826","293,356","295,570",36.723483,-76.593562
66,St. Paul city,Minnesota,"285,068","285,068","285,414","288,448",30.555139,104.04978
67,Toledo city,Ohio,"287,208","287,208","287,031","286,038",7.130837,125.747808
68,Newark city,New Jersey,"277,140","277,140","277,185","277,540",19.575758,-99.133289
69,Greensboro city,North Carolina,"269,666","269,668","270,364","273,425",41.940897,-78.555579
70,Plano city,Texas,"259,841","259,841","261,888","269,776",15.791741,120.989145
71,Lincoln city,Nebraska,"258,379","258,381","259,044","262,341",40.070886,-74.84843
72,Buffalo city,New York,"261,310","261,310","261,229","261,025",39.78373,-100.445882
73,Henderson city,Nevada,"257,729","257,581","257,934","260,068",38.781095,-107.950898
74,Fort Wayne city,Indiana,"253,691","253,691","254,015","255,824",37.779277,-122.41927
75,Jersey City city,New Jersey,"247,597","247,597","247,876","250,323",34.460644,-86.233315
76,Chula Vista city,California,"243,916","243,916","244,710","247,535",-33.962545,18.639268
77,St. Petersburg city,Florida,"244,769","244,769","244,683","244,997",38.959105,-94.580993
78,Orlando city,Florida,"238,300","238,304","238,902","243,195",14.674334,121.10036
79,Norfolk city,Virginia,"242,803","242,803","242,915","242,628",-34.607566,-58.403463
80,Laredo city,Texas,"236,091","236,100","237,252","241,935",31.799025,-106.443639
81,Chandler city,Arizona,"236,123","236,139","236,619","240,101",36.735428,-76.600785
82,Madison city,Wisconsin,"233,209","233,209","233,732","236,901",25.18416,121.44694
83,Lubbock city,Texas,"229,573","229,573","230,713","233,740",32.964548,-102.829096
84,Durham city,North Carolina,"228,330","228,329","229,027","233,252",39.78373,-100.445882
85,Winston-Salem city,North Carolina,"229,617","229,617","230,077","232,385",38.894955,-77.036646
86,Garland city,Texas,"226,876","226,876","227,559","231,517",39.78373,-100.445882
87,Glendale city,Arizona,"226,721","226,724","227,180","230,482",39.78373,-100.445882
88,Baton Rouge city,Louisiana,"229,493","229,493","229,852","230,139",19.387383,-99.178516
89,Hialeah city,Florida,"224,669","224,669","225,269","229,969",19.363939,-99.249048
90,Reno city,Nevada,"225,221","225,229","225,717","227,511",35.473444,-97.518506
91,Chesapeake city,Virginia,"222,209","222,209","223,052","225,050",35.489485,-97.549931
92,Scottsdale city,Arizona,"217,385","217,385","217,826","221,020",35.144828,-106.613232
93,Irving city,Texas,"216,290","216,290","216,942","220,702",39.78373,-100.445882
94,North Las Vegas city,Nevada,"216,961","216,940","217,236","219,020",20.210278,-98.992778
95,Fremont city,California,"214,089","214,089","214,490","216,916",14.890102,-90.558705
96,Irvine city,California,"212,375","212,375","212,886","215,529",39.78373,-100.445882
97,San Bernardino city,California,"209,924","209,947","210,638","213,012",37.785426,-122.289152
98,Birmingham city,Alabama,"212,237","212,244","212,225","212,413",50.675786,-120.424031
99,Gilbert town,Arizona,"208,453","208,453","208,876","211,951",36.59432,-75.887601
100,Rochester city,New York,"210,565","210,565","210,578","210,855",19.380696,-99.178926
101,Boise City city,Idaho,"205,671","205,671","206,252","210,145",38.803184,-104.699753
102,Spokane city,Washington,"208,916","208,916","209,296","210,103",36.787371,-76.283551
103,Montgomery city,Alabama,"205,764","205,771","206,083","208,182",37.891713,-88.320043
104,Des Moines city,Iowa,"203,433","203,433","204,191","206,599",25.184732,121.446608
105,Richmond city,Virginia,"204,214","204,214","204,159","205,533",36.120596,-95.985336
106,Fayetteville city,North Carolina,"200,564","200,564","201,022","203,945",38.338659,-87.345013
107,Modesto city,California,"201,165","201,165","201,541","202,751",19.379985,-99.180601
108,Shreveport city,Louisiana,"199,311","199,311","199,819","200,975",26.039853,-80.295064
109,Tacoma city,Washington,"198,397","198,397","198,434","200,678",37.785506,-122.288579
110,Oxnard city,California,"197,899","197,899","198,412","199,943",40.632326,-74.165144
111,Aurora city,Illinois,"197,899","197,897","198,288","199,672",14.627215,121.045395
112,Fontana city,California,"196,069","196,069","196,737","199,028",38.319083,-77.496358
113,Akron city,Ohio,"199,110","199,110","199,005","198,402",27.960633,-82.441897
114,Moreno Valley city,California,"193,365","193,365","194,557","197,838",33.782108,-118.297551
115,Yonkers city,New York,"195,976","195,979","196,223","197,399",39.78373,-100.445882
116,Augusta-Richmond County consolidated government (balance),Georgia,"195,844","195,844","196,175","196,494",-33.830278,18.631944
117,Little Rock city,Arkansas,"193,524","193,524","193,944","195,314",14.583335,121.013041
118,Mobile city,Alabama,"195,111","195,107","195,166","194,914",38.627273,-90.197889
119,Columbus city,Georgia,"189,885","189,885","190,371","194,107",-34.019995,18.362116
120,Amarillo city,Texas,"190,695","190,695","191,398","193,675",14.730827,121.064717
121,Glendale city,California,"191,719","191,719","191,883","193,111",40.730599,-73.986581
122,Huntington Beach city,California,"189,992","189,992","190,460","192,888",19.363055,-99.247796
123,Salt Lake City city,Utah,"186,440","186,443","187,082","189,899",17.814947,-88.311548
124,Grand Rapids city,Michigan,"188,040","188,041","188,166","189,815",41.337302,-75.73297
125,Tallahassee city,Florida,"181,376","181,376","181,626","182,965",36.723483,-76.593562
126,Huntsville city,Alabama,"180,105","180,120","180,829","182,956",30.555139,104.04978
127,Worcester city,Massachusetts,"181,045","181,045","181,208","181,631",7.130837,125.747808
128,Knoxville city,Tennessee,"178,874","178,874","179,225","180,761",19.575758,-99.133289
129,Newport News city,Virginia,"180,719","180,719","180,618","179,611",41.940897,-78.555579
130,Grand Prairie city,Texas,"175,396","175,396","175,994","179,100",15.791741,120.989145
131,Brownsville city,Texas,"175,023","175,027","175,764","178,430",40.070886,-74.84843
132,Providence city,Rhode Island,"178,042","178,042","178,077","178,053",39.78373,-100.445882
133,Santa Clarita city,California,"176,320","176,320","176,469","177,601",38.781095,-107.950898
134,Overland Park city,Kansas,"173,372","173,372","173,870","176,185",37.779277,-122.41927
135,Jackson city,Mississippi,"173,514","173,516","173,707","175,561",34.460644,-86.233315
136,Garden Grove city,California,"170,883","170,883","171,302","173,470",-33.962545,18.639268
137,Chattanooga city,Tennessee,"167,674","167,978","168,393","170,136",38.959105,-94.580993
138,Oceanside city,California,"167,086","167,086","167,630","169,569",14.674334,121.10036
139,Santa Rosa city,California,"167,815","167,821","168,109","169,292",-34.607566,-58.403463
140,Fort Lauderdale city,Florida,"165,521","165,521","165,900","168,528",31.799025,-106.443639
141,Rancho Cucamonga city,California,"165,269","165,269","165,823","167,721",36.735428,-76.600785
142,Ontario city,California,"163,924","163,924","164,482","166,390",25.18416,121.44694
143,Port St. Lucie city,Florida,"164,603","164,603","165,166","166,149",32.964548,-102.829096
144,Vancouver city,Washington,"161,791","161,807","162,432","164,759",39.78373,-100.445882
145,Tempe city,Arizona,"161,719","161,719","162,029","164,268",38.894955,-77.036646
146,Springfield city,Missouri,"159,498","159,509","159,634","160,660",39.78373,-100.445882
147,Lancaster city,California,"156,633","156,633","156,743","157,693",39.78373,-100.445882
148,Pembroke Pines city,Florida,"154,750","154,750","155,109","157,594",19.387383,-99.178516
149,Cape Coral city,Florida,"154,305","154,305","154,734","157,476",19.363939,-99.249048
150,Eugene city,Oregon,"156,185","156,191","156,260","156,929",35.473444,-97.518506
151,Peoria city,Arizona,"154,065","154,067","154,378","156,637",35.489485,-97.549931
152,Sioux Falls city,South Dakota,"153,888","153,890","154,443","156,592",35.144828,-106.613232
153,Salem city,Oregon,"154,637","154,637","155,029","156,244",39.78373,-100.445882
154,Corona city,California,"152,374","152,374","153,314","155,896",20.210278,-98.992778
155,Elk Grove city,California,"153,015","153,015","153,377","154,908",14.890102,-90.558705
156,Palmdale city,California,"152,750","152,750","152,880","153,867",39.78373,-100.445882
157,Springfield city,Massachusetts,"153,060","153,060","153,134","153,155",37.785426,-122.289152
158,Salinas city,California,"150,441","150,441","150,929","152,994",50.675786,-120.424031
159,Pasadena city,Texas,"149,043","149,043","149,661","152,281",36.59432,-75.887601
160,Rockford city,Illinois,"152,871","152,871","152,807","152,222",19.380696,-99.178926
161,Pomona city,California,"149,058","149,058","149,182","150,119",38.803184,-104.699753
162,Joliet city,Illinois,"147,433","147,440","147,745","148,402",36.787371,-76.283551
163,Fort Collins city,Colorado,"143,986","143,991","144,425","146,762",37.891713,-88.320043
164,Torrance city,California,"145,438","145,438","145,561","146,493",25.184732,121.446608
165,Kansas City city,Kansas,"145,786","145,786","146,070","146,453",36.120596,-95.985336
166,Paterson city,New Jersey,"146,199","146,199","146,309","146,427",38.338659,-87.345013
167,Hayward city,California,"144,186","144,186","144,451","146,069",19.379985,-99.180601
168,Escondido city,California,"143,911","143,911","144,375","146,032",26.039853,-80.295064
169,Bridgeport city,Connecticut,"144,229","144,229","144,463","145,638",37.785506,-122.288579
170,Syracuse city,New York,"145,170","145,170","145,237","145,151",40.632326,-74.165144
171,Lakewood city,Colorado,"142,980","142,980","143,224","144,406",14.627215,121.045395
172,Alexandria city,Virginia,"139,966","139,966","140,894","144,301",38.319083,-77.496358
173,Hollywood city,Florida,"140,768","140,768","141,095","143,357",27.960633,-82.441897
174,Naperville city,Illinois,"141,853","141,853","142,051","142,773",33.782108,-118.297551
175,Mesquite city,Texas,"139,824","139,824","140,245","142,674",39.78373,-100.445882
176,Sunnyvale city,California,"140,081","140,081","140,449","142,287",-33.830278,18.631944
177,Dayton city,Ohio,"141,527","141,527","141,696","142,148",14.583335,121.013041
178,Cary town,North Carolina,"135,234","135,249","136,135","139,633",38.627273,-90.197889
179,Savannah city,Georgia,"136,286","136,280","136,565","139,491",-34.019995,18.362116
180,Orange city,California,"136,416","136,416","136,739","138,409",14.730827,121.064717
181,Pasadena city,California,"137,122","137,122","137,238","138,101",40.730599,-73.986581
182,Fullerton city,California,"135,161","135,161","135,488","137,183",19.363055,-99.247796
183,Hampton city,Virginia,"137,436","137,436","137,328","136,401",17.814947,-88.311548
184,Clarksville city,Tennessee,"132,929","132,934","133,680","136,231",41.337302,-75.73297
185,McKinney city,Texas,"131,117","131,117","132,140","136,067",36.723483,-76.593562
186,Warren city,Michigan,"134,056","134,056","134,051","134,243",30.555139,104.04978
187,McAllen city,Texas,"129,877","129,877","130,759","133,742",7.130837,125.747808
188,West Valley City city,Utah,"129,480","129,480","129,935","131,942",19.575758,-99.133289
189,Columbia city,South Carolina,"129,272","129,276","129,612","130,591",41.940897,-78.555579
190,Killeen city,Texas,"127,921","127,921","129,030","130,018",15.791741,120.989145
191,Sterling Heights city,Michigan,"129,699","129,699","129,693","129,880",40.070886,-74.84843
192,New Haven city,Connecticut,"129,779","129,779","129,774","129,585",39.78373,-100.445882
193,Topeka city,Kansas,"127,473","127,473","127,717","128,188",38.781095,-107.950898
194,Thousand Oaks city,California,"126,683","126,683","127,009","127,984",37.779277,-122.41927
195,Olathe city,Kansas,"125,872","125,872","126,234","127,907",34.460644,-86.233315
196,Cedar Rapids city,Iowa,"126,326","126,326","126,528","127,905",-33.962545,18.639268
197,Waco city,Texas,"124,805","124,805","125,351","126,697",38.959105,-94.580993
198,Visalia city,California,"124,442","124,442","124,816","126,432",14.674334,121.10036
199,Elizabeth city,New Jersey,"124,969","124,969","125,195","125,660",-34.607566,-58.403463
200,Simi Valley city,California,"124,237","124,237","124,559","125,522",31.799025,-106.443639
201,Gainesville city,Florida,"124,354","124,354","124,394","125,326",36.735428,-76.600785
202,Hartford city,Connecticut,"124,775","124,775","124,789","124,867",25.18416,121.44694
203,Bellevue city,Washington,"122,363","122,359","122,737","124,798",32.964548,-102.829096
204,Miramar city,Florida,"122,041","122,041","122,327","124,302",39.78373,-100.445882
205,Concord city,California,"122,067","122,067","122,484","124,055",38.894955,-77.036646
206,Stamford city,Connecticut,"122,643","122,643","122,848","123,868",39.78373,-100.445882
207,Coral Springs city,Florida,"121,096","121,098","121,382","123,338",39.78373,-100.445882
208,Charleston city,South Carolina,"120,083","120,083","120,479","122,689",19.387383,-99.178516
209,Carrollton city,Texas,"119,097","119,097","119,729","122,640",19.363939,-99.249048
210,Lafayette city,Louisiana,"120,623","120,621","120,905","122,130",35.473444,-97.518506
211,Roseville city,California,"118,788","118,788","119,403","121,767",35.489485,-97.549931
212,Thornton city,Colorado,"118,772","118,775","119,334","121,435",35.144828,-106.613232
213,Frisco city,Texas,"116,989","116,989","117,871","121,387",39.78373,-100.445882
214,Kent city,Washington,"92,411","118,564","118,929","120,916",20.210278,-98.992778
215,Surprise city,Arizona,"117,517","117,517","117,755","119,489",14.890102,-90.558705
216,Allentown city,Pennsylvania,"118,032","118,032","118,232","119,141",39.78373,-100.445882
217,Beaumont city,Texas,"118,296","118,296","118,347","118,548",37.785426,-122.289152
218,Santa Clara city,California,"116,468","116,468","116,767","118,263",50.675786,-120.424031
219,Abilene city,Texas,"117,063","117,063","117,404","118,117",36.59432,-75.887601
220,Evansville city,Indiana,"117,429","117,429","117,483","117,825",19.380696,-99.178926
221,Victorville city,California,"115,903","115,921","116,299","117,597",38.803184,-104.699753
222,Independence city,Missouri,"116,830","116,830","116,969","117,213",36.787371,-76.283551
223,Denton city,Texas,"113,383","113,379","114,103","117,187",37.891713,-88.320043
224,Springfield city,Illinois,"116,250","116,272","116,479","117,076",25.184732,121.446608
225,Vallejo city,California,"115,942","115,940","116,161","116,829",36.120596,-95.985336
226,Athens-Clarke County unified government (balance),Georgia,"115,452","115,453","115,450","116,084",38.338659,-87.345013
227,Provo city,Utah,"112,488","112,488","113,153","115,321",19.379985,-99.180601
228,Peoria city,Illinois,"115,007","115,025","114,895","115,234",26.039853,-80.295064
229,Ann Arbor city,Michigan,"113,934","113,934","114,076","114,925",37.785506,-122.288579
230,Lansing city,Michigan,"114,297","114,297","114,247","114,605",40.632326,-74.165144
231,El Monte city,California,"113,475","113,475","113,571","114,296",14.627215,121.045395
232,Midland city,Texas,"111,147","111,147","111,255","113,931",38.319083,-77.496358
233,Berkeley city,California,"112,580","112,578","112,765","113,905",27.960633,-82.441897
234,Norman city,Oklahoma,"110,925","110,925","111,426","113,273",33.782108,-118.297551
235,Downey city,California,"111,772","111,772","111,868","112,584",39.78373,-100.445882
236,Costa Mesa city,California,"109,960","109,960","110,225","111,600",-33.830278,18.631944
237,Murfreesboro city,Tennessee,"108,755","108,767","109,240","111,327",14.583335,121.013041
238,Inglewood city,California,"109,673","109,673","109,765","110,464",38.627273,-90.197889
239,Columbia city,Missouri,"108,500","108,500","108,857","110,438",-34.019995,18.362116
240,Waterbury city,Connecticut,"110,366","110,366","110,360","110,189",14.730827,121.064717
241,Manchester city,New Hampshire,"109,565","109,565","109,634","109,830",40.730599,-73.986581
242,Miami Gardens city,Florida,"107,167","107,167","107,452","109,680",19.363055,-99.247796
243,Elgin city,Illinois,"108,188","108,188","108,395","109,104",17.814947,-88.311548
244,Wilmington city,North Carolina,"106,476","106,476","106,785","108,297",41.337302,-75.73297
245,Westminster city,Colorado,"106,114","106,114","106,486","107,967",36.723483,-76.593562
246,Rochester city,Minnesota,"106,769","106,769","106,943","107,890",30.555139,104.04978
247,Clearwater city,Florida,"107,685","107,685","107,648","107,784",7.130837,125.747808
248,Lowell city,Massachusetts,"106,519","106,519","106,706","107,584",19.575758,-99.133289
249,Pueblo city,Colorado,"106,595","106,595","106,864","107,577",41.940897,-78.555579
250,Arvada city,Colorado,"106,433","106,433","106,627","107,541",15.791741,120.989145
251,San Buenaventura (Ventura) city,California,"106,433","106,433","106,706","107,514",40.070886,-74.84843
252,Gresham city,Oregon,"105,594","105,594","105,905","107,439",39.78373,-100.445882
253,Fargo city,North Dakota,"105,549","105,549","105,884","107,349",38.781095,-107.950898
254,Carlsbad city,California,"105,328","105,328","105,671","106,888",37.779277,-122.41927
255,West Covina city,California,"106,098","106,098","106,188","106,870",34.460644,-86.233315
256,Norwalk city,California,"105,549","105,549","105,639","106,309",-33.962545,18.639268
257,Fairfield city,California,"105,321","105,323","105,524","106,126",38.959105,-94.580993
258,Cambridge city,Massachusetts,"105,162","105,162","105,280","106,038",14.674334,121.10036
259,Murrieta city,California,"103,466","103,466","104,104","105,857",-34.607566,-58.403463
260,Green Bay city,Wisconsin,"104,057","104,057","104,567","105,809",31.799025,-106.443639
261,High Point city,North Carolina,"104,371","104,371","104,627","105,753",36.735428,-76.600785
262,West Jordan city,Utah,"103,712","103,712","104,075","105,675",25.18416,121.44694
263,Billings city,Montana,"104,170","104,170","104,505","105,636",32.964548,-102.829096
264,Richmond city,California,"103,701","103,701","104,053","105,380",39.78373,-100.445882
265,Round Rock city,Texas,"99,887","99,889","100,870","104,664",38.894955,-77.036646
266,Everett city,Washington,"103,019","103,019","103,305","104,295",39.78373,-100.445882
267,Burbank city,California,"103,340","103,340","103,428","104,092",39.78373,-100.445882
268,Antioch city,California,"102,372","102,372","102,724","104,044",19.387383,-99.178516
269,Wichita Falls city,Texas,"104,553","104,553","104,679","103,931",19.363939,-99.249048
270,Palm Bay city,Florida,"103,190","103,190","103,278","103,227",35.473444,-97.518506
271,Centennial city,Colorado,"100,377","100,377","100,861","102,603",35.489485,-97.549931
272,Temecula city,California,"100,097","100,146","100,766","102,464",35.144828,-106.613232
273,Daly City city,California,"101,123","101,123","101,286","102,362",39.78373,-100.445882
274,Odessa city,Texas,"99,940","99,940","99,962","102,106",20.210278,-98.992778
275,Erie city,Pennsylvania,"101,786","101,786","101,826","101,807",14.890102,-90.558705
276,Richardson city,Texas,"99,223","99,223","99,660","101,742",39.78373,-100.445882
277,Pompano Beach city,Florida,"99,845","99,845","100,070","101,617",37.785426,-122.289152
278,Flint city,Michigan,"102,434","102,434","102,271","101,558",50.675786,-120.424031
279,South Bend city,Indiana,"101,168","101,170","101,139","101,081",36.59432,-75.887601
280,West Palm Beach city,Florida,"99,919","99,920","100,128","101,043",19.380696,-99.178926
281,El Cajon city,California,"99,478","99,478","99,796","100,928",38.803184,-104.699753
282,Davenport city,Iowa,"99,685","99,685","100,003","100,802",36.787371,-76.283551
283,Rialto city,California,"99,171","99,170","99,508","100,662",37.891713,-88.320043
284,Santa Maria city,California,"99,553","99,553","99,730","100,277",25.184732,121.446608
285,Broken Arrow city,Oklahoma,"98,850","98,847","99,195","100,073",36.120596,-95.985336
286,Kenosha city,Wisconsin,"99,218","99,226","99,379","99,738",38.338659,-87.345013
287,North Charleston city,South Carolina,"97,471","97,471","97,868","99,727",19.379985,-99.180601
288,Las Cruces city,New Mexico,"97,618","97,618","98,200","99,665",26.039853,-80.295064
289,Boulder city,Colorado,"97,385","97,385","97,574","98,889",37.785506,-122.288579
290,Lewisville city,Texas,"95,290","95,290","95,944","98,737",40.632326,-74.165144
291,Lakeland city,Florida,"97,422","97,419","97,551","98,589",14.627215,121.045395
292,Tyler city,Texas,"96,900","96,900","97,250","98,564",38.319083,-77.496358
293,San Mateo city,California,"97,207","97,207","97,363","98,391",27.960633,-82.441897
294,Lawton city,Oklahoma,"96,867","96,867","97,873","98,177",33.782108,-118.297551
295,Albany city,New York,"97,856","97,856","97,760","97,660",39.78373,-100.445882
296,Compton city,California,"96,455","96,455","96,537","97,156",-33.830278,18.631944
297,Dearborn city,Michigan,"98,153","98,153","97,861","97,144",14.583335,121.013041
298,Clovis city,California,"95,631","95,631","95,915","96,929",38.627273,-90.197889
299,Sandy Springs city,Georgia,"93,853","93,853","94,384","96,856",-34.019995,18.362116
300,Roanoke city,Virginia,"97,032","97,032","96,856","96,714",14.730827,121.064717
301,Livonia city,Michigan,"96,942","96,942","96,658","95,958",40.730599,-73.986581
302,Portsmouth city,Virginia,"95,535","95,535","95,627","95,684",19.363055,-99.247796
303,Vista city,California,"93,834","93,834","94,136","95,204",17.814947,-88.311548
304,New Bedford city,Massachusetts,"95,072","95,072","95,115","95,183",41.337302,-75.73297
305,College Station city,Texas,"93,857","93,862","94,232","95,142",36.723483,-76.593562
306,South Gate city,California,"94,396","94,396","94,477","95,084",30.555139,104.04978
307,Greeley city,Colorado,"92,889","92,889","93,395","94,962",7.130837,125.747808
308,Mission Viejo city,California,"93,305","93,305","93,534","94,721",19.575758,-99.133289
309,San Angelo city,Texas,"93,200","93,200","93,562","94,544",41.940897,-78.555579
310,Yuma city,Arizona,"93,064","93,066","93,436","94,536",15.791741,120.989145
311,Brockton city,Massachusetts,"93,810","93,810","93,965","94,316",40.070886,-74.84843
312,Davie town,Florida,"91,992","91,992","92,205","93,674",39.78373,-100.445882
313,Hillsboro city,Oregon,"91,611","91,611","91,939","93,455",38.781095,-107.950898
314,Pearland city,Texas,"91,252","91,252","91,695","93,305",37.779277,-122.41927
315,Vacaville city,California,"92,428","92,428","92,593","93,088",34.460644,-86.233315
316,Quincy city,Massachusetts,"92,271","92,271","92,445","92,909",-33.962545,18.639268
317,Renton city,Washington,"90,927","90,995","91,278","92,812",38.959105,-94.580993
318,Yakima city,Washington,"91,067","91,067","91,509","92,512",14.674334,121.10036
319,Carson city,California,"91,714","91,714","91,790","92,376",-34.607566,-58.403463
320,Macon city,Georgia,"91,351","91,346","91,416","91,856",31.799025,-106.443639
321,Lee's Summit city,Missouri,"91,364","91,364","91,477","91,668",36.735428,-76.600785
322,Beaverton city,Oregon,"89,803","89,806","90,128","91,625",25.18416,121.44694
323,Tuscaloosa city,Alabama,"90,468","90,483","90,633","91,605",32.964548,-102.829096
324,Hesperia city,California,"90,173","90,173","90,481","91,534",39.78373,-100.445882
325,Sparks city,Nevada,"90,264","90,264","90,463","91,195",38.894955,-77.036646
326,Roswell city,Georgia,"88,346","88,347","88,846","91,168",39.78373,-100.445882
327,Federal Way city,Washington,"89,306","89,306","89,583","91,085",39.78373,-100.445882
328,Westminster city,California,"89,701","89,701","89,920","91,064",19.387383,-99.178516
329,Lynn city,Massachusetts,"90,329","90,329","90,493","91,040",19.363939,-99.249048
330,Orem city,Utah,"88,328","88,328","88,892","90,727",35.473444,-97.518506
331,Santa Monica city,California,"89,736","89,736","89,810","90,377",35.489485,-97.549931
332,Spokane Valley city,Washington,"89,755","89,755","89,923","90,279",35.144828,-106.613232
333,Redding city,California,"89,861","89,861","89,904","90,138",39.78373,-100.445882
334,Miami Beach city,Florida,"87,779","87,779","88,012","89,840",20.210278,-98.992778
335,Waukegan city,Illinois,"89,078","89,078","89,210","89,426",14.890102,-90.558705
336,Rio Rancho city,New Mexico,"87,521","87,521","88,071","89,320",39.78373,-100.445882
337,Sandy city,Utah,"87,461","87,540","87,846","89,200",37.785426,-122.289152
338,Santa Barbara city,California,"88,410","88,409","88,565","89,045",50.675786,-120.424031
339,Fall River city,Massachusetts,"88,857","88,857","88,897","88,962",36.59432,-75.887601
340,Lawrence city,Kansas,"87,643","87,643","87,955","88,727",19.380696,-99.178926
341,Reading city,Pennsylvania,"88,082","88,082","88,351","88,414",38.803184,-104.699753
342,Longmont city,Colorado,"86,270","86,270","86,450","87,712",36.787371,-76.283551
343,Allen city,Texas,"84,246","84,246","84,913","87,473",37.891713,-88.320043
344,Fort Smith city,Arkansas,"86,209","86,209","86,284","87,152",25.184732,121.446608
345,Nashua city,New Hampshire,"86,494","86,494","86,549","86,704",36.120596,-95.985336
346,Plantation city,Florida,"84,955","84,955","85,154","86,524",38.338659,-87.345013
347,Newport Beach city,California,"85,186","85,186","85,397","86,484",19.379985,-99.180601
348,Norwalk city,Connecticut,"85,603","85,603","85,746","86,460",26.039853,-80.295064
349,Chico city,California,"86,187","86,187","86,187","86,290",37.785506,-122.288579
350,Duluth city,Minnesota,"86,265","86,265","86,230","86,277",40.632326,-74.165144
351,San Leandro city,California,"84,950","84,950","85,108","86,071",14.627215,121.045395
352,Greenville city,North Carolina,"84,554","84,562","84,856","86,017",38.319083,-77.496358
353,Sunrise city,Florida,"84,439","84,439","84,636","85,995",27.960633,-82.441897
354,Newton city,Massachusetts,"85,146","85,146","85,276","85,945",33.782108,-118.297551
355,Whittier city,California,"85,331","85,331","85,402","85,943",39.78373,-100.445882
356,Boca Raton city,Florida,"84,392","84,392","84,566","85,329",-33.830278,18.631944
357,Deltona city,Florida,"85,182","85,182","85,191","85,219",14.583335,121.013041
358,San Marcos city,California,"83,781","83,781","84,052","85,022",38.627273,-90.197889
359,Suffolk city,Virginia,"84,585","84,592","84,872","84,930",-34.019995,18.362116
360,Hawthorne city,California,"84,293","84,293","84,364","84,905",14.730827,121.064717
361,Trenton city,New Jersey,"84,913","84,913","85,009","84,899",40.730599,-73.986581
362,League City city,Texas,"83,560","83,560","83,961","84,856",19.363055,-99.247796
363,Asheville city,North Carolina,"83,393","83,393","83,574","84,458",17.814947,-88.311548
364,Citrus Heights city,California,"83,301","83,301","83,498","84,330",41.337302,-75.73297
365,Clifton city,New Jersey,"84,136","84,136","84,201","84,269",36.723483,-76.593562
366,Tracy city,California,"82,922","82,922","83,213","84,266",30.555139,104.04978
367,Cicero town,Illinois,"83,891","83,891","83,979","84,261",7.130837,125.747808
368,Bloomington city,Minnesota,"82,893","82,893","83,013","84,057",19.575758,-99.133289
369,Ogden city,Utah,"82,825","82,825","83,170","83,949",41.940897,-78.555579
370,Alhambra city,California,"83,089","83,089","83,161","83,693",15.791741,120.989145
371,Westland city,Michigan,"84,094","84,094","83,847","83,239",40.070886,-74.84843
372,Sioux City city,Iowa,"82,684","82,695","82,826","82,967",39.78373,-100.445882
373,Edmond city,Oklahoma,"81,405","81,403","81,705","82,963",38.781095,-107.950898
374,Nampa city,Idaho,"81,557","81,565","81,774","82,755",37.779277,-122.41927
375,Warwick city,Rhode Island,"82,672","82,672","82,628","82,361",34.460644,-86.233315
376,Livermore city,California,"80,968","80,968","81,121","82,039",-33.962545,18.639268
377,Hoover city,Alabama,"81,619","81,619","81,704","82,003",38.959105,-94.580993
378,Bellingham city,Washington,"80,885","80,885","81,069","81,862",14.674334,121.10036
379,Buena Park city,California,"80,530","80,524","80,721","81,747",-34.607566,-58.403463
380,Sugar Land city,Texas,"78,817","78,817","79,550","81,700",31.799025,-106.443639
381,Danbury city,Connecticut,"80,893","80,893","81,023","81,671",36.735428,-76.600785
382,Carmel city,Indiana,"79,191","79,191","79,734","81,564",25.18416,121.44694
383,Troy city,Michigan,"80,980","80,980","81,002","81,508",32.964548,-102.829096
384,Bloomington city,Indiana,"80,405","80,407","80,675","81,381",39.78373,-100.445882
385,Longview city,Texas,"80,455","80,455","80,572","81,336",38.894955,-77.036646
386,Champaign city,Illinois,"81,055","81,055","81,168","81,291",39.78373,-100.445882
387,Parma city,Ohio,"81,601","81,601","81,464","80,968",39.78373,-100.445882
388,Hammond city,Indiana,"80,830","80,830","80,851","80,757",19.387383,-99.178516
389,Lakewood city,California,"80,048","80,048","80,117","80,634",19.363939,-99.249048
390,Concord city,North Carolina,"79,066","79,066","79,308","80,597",35.473444,-97.518506
391,O'Fallon city,Missouri,"79,329","79,479","79,755","80,519",35.489485,-97.549931
392,Hemet city,California,"78,657","78,657","79,140","80,467",35.144828,-106.613232
393,Cranston city,Rhode Island,"80,387","80,387","80,404","80,392",39.78373,-100.445882
394,Farmington Hills city,Michigan,"79,740","79,740","79,761","80,258",20.210278,-98.992778
395,Merced city,California,"78,958","78,958","79,257","80,232",14.890102,-90.558705
396,Gary city,Indiana,"80,294","80,294","80,314","80,221",39.78373,-100.445882
397,Mission city,Texas,"77,058","77,061","77,588","79,368",37.785426,-122.289152
398,Menifee city,California,"77,519","77,519","77,998","79,312",50.675786,-120.424031
399,Johns Creek city,Georgia,"76,728","76,727","77,164","79,192",36.59432,-75.887601
400,Edinburg city,Texas,"77,100","76,960","77,458","79,147",19.380696,-99.178926
401,Fishers town,Indiana,"76,794","76,807","77,338","79,127",38.803184,-104.699753
402,Chino city,California,"77,983","77,983","78,227","79,059",36.787371,-76.283551
403,Racine city,Wisconsin,"78,860","78,860","78,898","78,853",37.891713,-88.320043
404,Lake Forest city,California,"77,264","77,264","77,454","78,439",25.184732,121.446608
405,Bend city,Oregon,"76,639","76,639","76,735","77,905",36.120596,-95.985336
406,Napa city,California,"76,915","76,945","77,150","77,867",38.338659,-87.345013
407,Indio city,California,"76,036","76,038","76,504","77,780",19.379985,-99.180601
408,Redwood City city,California,"76,815","76,815","76,936","77,745",26.039853,-80.295064
409,Largo city,Florida,"77,648","77,649","77,622","77,723",37.785506,-122.288579
410,Albany city,Georgia,"77,434","77,434","77,595","77,683",40.632326,-74.165144
411,New Rochelle city,New York,"77,062","77,062","77,156","77,606",14.627215,121.045395
412,Avondale city,Arizona,"76,238","76,238","76,392","77,518",38.319083,-77.496358
413,Bryan city,Texas,"76,201","76,201","76,525","77,321",27.960633,-82.441897
414,Camden city,New Jersey,"77,344","77,344","77,335","77,283",33.782108,-118.297551
415,St. Joseph city,Missouri,"76,780","76,803","76,658","77,185",39.78373,-100.445882
416,Bellflower city,California,"76,616","76,616","76,681","77,170",-33.830278,18.631944
417,Bloomington city,Illinois,"76,610","76,610","76,735","77,071",14.583335,121.013041
418,Lawrence city,Massachusetts,"76,377","76,377","76,514","76,976",38.627273,-90.197889
419,Brooklyn Park city,Minnesota,"75,781","75,781","75,891","76,853",-34.019995,18.362116
420,Meridian city,Idaho,"75,092","75,092","75,308","76,750",14.730827,121.064717
421,Tustin city,California,"75,540","75,540","75,726","76,689",40.730599,-73.986581
422,Somerville city,Massachusetts,"75,754","75,754","75,887","76,519",19.363055,-99.247796
423,Lynchburg city,Virginia,"75,568","75,568","75,716","76,504",17.814947,-88.311548
424,Palm Coast city,Florida,"75,180","75,176","75,430","76,499",41.337302,-75.73297
425,Deerfield Beach city,Florida,"75,018","75,018","75,191","76,389",36.723483,-76.593562
426,Kennewick city,Washington,"73,917","73,917","74,461","76,224",30.555139,104.04978
427,Decatur city,Illinois,"76,122","76,122","76,115","76,096",7.130837,125.747808
428,Melbourne city,Florida,"76,068","76,068","76,131","76,095",19.575758,-99.133289
429,Scranton city,Pennsylvania,"76,089","76,089","76,084","75,995",41.940897,-78.555579
430,Baldwin Park city,California,"75,390","75,390","75,453","75,940",15.791741,120.989145
431,Chino Hills city,California,"74,799","74,799","75,053","75,928",40.070886,-74.84843
432,Medford city,Oregon,"74,907","74,907","74,998","75,501",39.78373,-100.445882
433,Arlington Heights village,Illinois,"75,101","75,101","75,178","75,428",38.781095,-107.950898
434,Bethlehem city,Pennsylvania,"74,982","74,982","75,068","75,266",37.779277,-122.41927
435,Mountain View city,California,"74,066","74,066","74,262","75,235",34.460644,-86.233315
436,Fayetteville city,Arkansas,"73,580","73,580","73,921","75,102",-33.962545,18.639268
437,Upland city,California,"73,732","73,732","73,982","74,837",38.959105,-94.580993
438,Evanston city,Illinois,"74,486","74,486","74,556","74,785",14.674334,121.10036
439,Alameda city,California,"73,812","73,812","73,948","74,774",-34.607566,-58.403463
440,St. George city,Utah,"72,897","72,897","73,107","74,770",31.799025,-106.443639
441,Kalamazoo city,Michigan,"74,262","74,262","74,352","74,743",36.735428,-76.600785
442,Schaumburg village,Illinois,"74,227","74,227","74,305","74,550",25.18416,121.44694
443,Bolingbrook village,Illinois,"73,366","73,366","73,506","73,802",32.964548,-102.829096
444,San Ramon city,California,"72,148","72,148","72,397","73,333",39.78373,-100.445882
445,Baytown city,Texas,"71,802","71,802","72,108","73,322",38.894955,-77.036646
446,New Britain city,Connecticut,"73,206","73,206","73,215","73,261",39.78373,-100.445882
447,Appleton city,Wisconsin,"72,623","72,623","72,768","73,243",39.78373,-100.445882
448,Folsom city,California,"72,203","72,203","72,346","73,001",19.387383,-99.178516
449,Canton city,Ohio,"73,007","73,014","72,978","72,919",19.363939,-99.249048
450,Wyoming city,Michigan,"72,125","72,125","72,175","72,833",35.473444,-97.518506
451,Pharr city,Texas,"70,400","70,400","70,883","72,513",35.489485,-97.549931
452,Lake Charles city,Louisiana,"71,993","71,993","72,177","72,475",35.144828,-106.613232
453,Southfield city,Michigan,"71,739","71,739","71,758","72,201",39.78373,-100.445882
454,Gastonia city,North Carolina,"71,741","71,741","71,780","72,068",20.210278,-98.992778
455,Plymouth city,Minnesota,"70,576","70,576","70,678","71,561",14.890102,-90.558705
456,Auburn city,Washington,"70,180","70,180","70,376","71,517",39.78373,-100.445882
457,Rochester Hills city,Michigan,"70,995","70,995","71,013","71,452",37.785426,-122.289152
458,Springdale city,Arkansas,"69,797","69,792","70,157","71,397",50.675786,-120.424031
459,Wilmington city,Delaware,"70,851","70,852","70,920","71,305",36.59432,-75.887601
460,Pleasanton city,California,"70,285","70,285","70,418","71,215",19.380696,-99.178926
461,Pawtucket city,Rhode Island,"71,148","71,148","71,163","71,153",38.803184,-104.699753
462,Waukesha city,Wisconsin,"70,718","70,718","70,740","70,867",36.787371,-76.283551
463,Jacksonville city,North Carolina,"70,145","70,145","70,719","70,801",37.891713,-88.320043
464,Union City city,California,"69,516","69,516","69,645","70,436",25.184732,121.446608
465,Lynwood city,California,"69,772","69,772","69,825","70,257",36.120596,-95.985336
466,Apple Valley town,California,"69,135","69,135","69,369","70,172",38.338659,-87.345013
467,Muncie city,Indiana,"70,085","70,085","70,091","70,080",19.379985,-99.180601
468,Perris city,California,"68,386","68,386","68,808","69,967",26.039853,-80.295064
469,Passaic city,New Jersey,"69,781","69,781","69,835","69,893",37.785506,-122.288579
470,Missouri City city,Texas,"67,358","67,358","67,964","69,774",40.632326,-74.165144
471,Redlands city,California,"68,747","68,749","68,975","69,752",14.627215,121.045395
472,Mount Pleasant town,South Carolina,"67,843","67,874","68,097","69,357",38.319083,-77.496358
473,Gulfport city,Mississippi,"67,793","67,793","68,060","69,220",27.960633,-82.441897
474,Rapid City city,South Dakota,"67,956","67,956","68,236","69,200",33.782108,-118.297551
475,Turlock city,California,"68,549","68,549","68,677","69,089",39.78373,-100.445882
476,Boynton Beach city,Florida,"68,217","68,217","68,361","68,996",-33.830278,18.631944
477,Iowa City city,Iowa,"67,862","67,873","68,051","68,947",14.583335,121.013041
478,Palatine village,Illinois,"68,557","68,557","68,628","68,858",38.627273,-90.197889
479,Waterloo city,Iowa,"68,406","68,406","68,462","68,653",-34.019995,18.362116
480,Santa Fe city,New Mexico,"67,947","67,943","68,098","68,642",14.730827,121.064717
481,Jonesboro city,Arkansas,"67,263","67,261","67,442","68,547",40.730599,-73.986581
482,Warner Robins city,Georgia,"66,588","66,588","67,013","68,500",19.363055,-99.247796
483,Layton city,Utah,"67,311","67,311","67,604","68,495",17.814947,-88.311548
484,Manteca city,California,"67,096","67,171","67,404","68,254",41.337302,-75.73297
485,Loveland city,Colorado,"66,859","66,859","67,070","68,203",36.723483,-76.593562
486,Lauderhill city,Florida,"66,887","66,887","67,042","68,117",30.555139,104.04978
487,Lafayette city,Indiana,"67,140","67,140","67,190","67,947",7.130837,125.747808
488,Milpitas city,California,"66,790","66,790","66,958","67,804",19.575758,-99.133289
489,Mount Vernon city,New York,"67,292","67,290","67,374","67,780",41.940897,-78.555579
490,Rock Hill city,South Carolina,"66,154","66,158","66,410","67,423",15.791741,120.989145
491,Missoula city,Montana,"66,788","66,788","66,873","67,290",40.070886,-74.84843
492,Redondo Beach city,California,"66,748","66,748","66,804","67,233",39.78373,-100.445882
493,Temple city,Texas,"66,102","66,130","66,691","67,188",38.781095,-107.950898
494,Union City city,New Jersey,"66,455","66,455","66,529","67,187",37.779277,-122.41927
495,Flower Mound town,Texas,"64,669","64,671","65,117","67,019",34.460644,-86.233315
496,Kenner city,Louisiana,"66,702","66,702","66,701","66,715",-33.962545,18.639268
497,Eau Claire city,Wisconsin,"65,883","65,888","65,978","66,623",38.959105,-94.580993
498,St. Charles city,Missouri,"65,794","65,794","66,008","66,598",14.674334,121.10036
499,Youngstown city,Ohio,"66,982","66,982","66,846","66,571",-34.607566,-58.403463
500,Weston city,Florida,"65,333","65,333","65,485","66,544",31.799025,-106.443639
501,Portland city,Maine,"66,194","66,194","66,125","66,363",36.735428,-76.600785
502,Oshkosh city,Wisconsin,"66,083","66,083","66,119","66,344",25.18416,121.44694
503,Goodyear city,Arizona,"65,275","65,275","65,391","66,309",32.964548,-102.829096
504,Schenectady city,New York,"66,135","66,135","66,221","66,273",39.78373,-100.445882
505.5,St. Cloud city,Minnesota,"65,842","65,842","65,902","66,169",38.894955,-77.036646
505.5,Frederick city,Maryland,"65,239","65,239","65,463","66,169",39.78373,-100.445882
507,Harlingen city,Texas,"64,849","64,869","65,140","66,122",39.78373,-100.445882
508,Davis city,California,"65,622","65,622","65,705","66,016",19.387383,-99.178516
509,Dothan city,Alabama,"65,496","65,496","65,637","66,010",19.363939,-99.249048
510,Flagstaff city,Arizona,"65,870","65,870","65,956","65,914",35.473444,-97.518506
511,Camarillo city,California,"65,201","65,222","65,392","65,895",35.489485,-97.549931
512,Rancho Cordova city,California,"64,776","64,805","64,960","65,606",35.144828,-106.613232
513,Palo Alto city,California,"64,403","64,403","64,571","65,412",39.78373,-100.445882
514,Yorba Linda city,California,"64,234","64,234","64,392","65,215",20.210278,-98.992778
515,Walnut Creek city,California,"64,173","64,173","64,390","65,211",14.890102,-90.558705
516,Jackson city,Tennessee,"65,211","65,211","65,227","65,187",39.78373,-100.445882
517,Skokie village,Illinois,"64,784","64,784","64,852","65,066",37.785426,-122.289152
518,Yuba City city,California,"64,925","64,925","65,009","65,050",50.675786,-120.424031
519,North Richland Hills city,Texas,"63,343","63,343","63,617","64,780",36.59432,-75.887601
520,Eagan city,Minnesota,"64,206","64,206","64,303","64,765",19.380696,-99.178926
521,San Clemente city,California,"63,522","63,522","63,679","64,491",38.803184,-104.699753
522,South San Francisco city,California,"63,632","63,632","63,735","64,409",36.787371,-76.283551
523,East Orange city,New Jersey,"64,270","64,270","64,281","64,365",37.891713,-88.320043
524,Franklin city,Tennessee,"62,487","62,494","62,798","64,317",25.184732,121.446608
525,Pittsburg city,California,"63,264","63,260","63,476","64,294",36.120596,-95.985336
526,Lorain city,Ohio,"64,097","64,097","64,135","64,152",38.338659,-87.345013
527,Laguna Niguel city,California,"62,979","62,979","63,136","63,940",19.379985,-99.180601
528,Johnson City city,Tennessee,"63,152","63,150","63,333","63,815",26.039853,-80.295064
529,Bayonne city,New Jersey,"63,024","63,024","63,096","63,722",37.785506,-122.288579
530,Fort Myers city,Florida,"62,298","62,296","62,460","63,512",40.632326,-74.165144
531,Janesville city,Wisconsin,"63,575","63,575","63,558","63,479",14.627215,121.045395
532,Pico Rivera city,California,"62,942","62,942","62,995","63,400",38.319083,-77.496358
533,Shawnee city,Kansas,"62,209","62,209","62,389","63,219",27.960633,-82.441897
534,Pasco city,Washington,"59,781","59,781","60,600","63,186",33.782108,-118.297551
535,Lodi city,California,"62,134","62,134","62,350","63,133",39.78373,-100.445882
536,Victoria city,Texas,"62,592","62,592","62,629","63,131",-33.830278,18.631944
537,Montebello city,California,"62,500","62,500","62,554","62,954",14.583335,121.013041
538,North Little Rock city,Arkansas,"62,304","62,304","62,441","62,886",38.627273,-90.197889
539,Hamilton city,Ohio,"62,477","62,477","62,596","62,795",-34.019995,18.362116
540,Woodbury city,Minnesota,"61,961","61,961","62,184","62,787",14.730827,121.064717
541,Bossier City city,Louisiana,"61,315","61,315","61,608","62,745",40.730599,-73.986581
542,Bismarck city,North Dakota,"61,272","61,274","61,575","62,665",19.363055,-99.247796
543,Taylor city,Michigan,"63,131","63,131","62,944","62,489",17.814947,-88.311548
544,Council Bluffs city,Iowa,"62,230","62,228","62,377","62,466",41.337302,-75.73297
545,Maple Grove city,Minnesota,"61,567","61,567","61,657","62,440",36.723483,-76.593562
546,Rockville city,Maryland,"61,209","61,209","61,439","62,334",30.555139,104.04978
547,Madera city,California,"61,416","61,416","61,650","62,219",7.130837,125.747808
548,Utica city,New York,"62,235","62,235","62,233","62,110",19.575758,-99.133289
549,Homestead city,Florida,"60,512","60,512","60,673","61,940",41.940897,-78.555579
550,Coon Rapids city,Minnesota,"61,476","61,476","61,593","61,904",15.791741,120.989145
551,Eden Prairie city,Minnesota,"60,797","60,797","60,885","61,657",40.070886,-74.84843
552,Tamarac city,Florida,"60,427","60,427","60,567","61,542",39.78373,-100.445882
553,Haverhill city,Massachusetts,"60,879","60,879","60,987","61,351",38.781095,-107.950898
554,Kissimmee city,Florida,"59,682","59,682","59,917","61,346",37.779277,-122.41927
555,Delray Beach city,Florida,"60,522","60,522","60,650","61,209",34.460644,-86.233315
556,Waltham city,Massachusetts,"60,632","60,632","60,717","61,181",-33.962545,18.639268
557,La Habra city,California,"60,239","60,245","60,395","61,164",38.959105,-94.580993
558,Gaithersburg city,Maryland,"59,933","59,933","60,160","61,045",14.674334,121.10036
559,Daytona Beach city,Florida,"61,005","61,005","61,011","61,028",-34.607566,-58.403463
560,Terre Haute city,Indiana,"60,785","60,785","60,807","60,961",31.799025,-106.443639
561,Vineland city,New Jersey,"60,724","60,724","60,810","60,952",36.735428,-76.600785
562,Burnsville city,Minnesota,"60,306","60,306","60,398","60,828",25.18416,121.44694
563,Marysville city,Washington,"60,020","60,020","60,191","60,785",32.964548,-102.829096
564,Meriden city,Connecticut,"60,868","60,868","60,866","60,770",39.78373,-100.445882
565,West Allis city,Wisconsin,"60,411","60,411","60,464","60,714",38.894955,-77.036646
566,Monterey Park city,California,"60,269","60,269","60,320","60,707",39.78373,-100.445882
567,Bristol city,Connecticut,"60,477","60,477","60,484","60,525",39.78373,-100.445882
568,Conway city,Arkansas,"58,908","58,908","59,304","60,470",19.387383,-99.178516
569,Encinitas city,California,"59,518","59,518","59,711","60,400",19.363939,-99.249048
570,Greenville city,South Carolina,"58,409","59,139","59,390","60,379",35.473444,-97.518506
571,Santa Cruz city,California,"59,946","59,948","60,049","60,342",35.489485,-97.549931
572,Springfield city,Ohio,"60,608","60,608","60,554","60,333",35.144828,-106.613232
573,Tulare city,California,"59,278","59,333","59,513","60,289",39.78373,-100.445882
574,North Miami city,Florida,"58,786","58,786","58,939","60,143",20.210278,-98.992778
575,Cheyenne city,Wyoming,"59,466","59,483","59,739","60,096",14.890102,-90.558705
576,Malden city,Massachusetts,"59,450","59,450","59,563","60,071",39.78373,-100.445882
577,Lancaster city,Pennsylvania,"59,322","59,322","59,693","60,058",37.785426,-122.289152
578,Pontiac city,Michigan,"59,515","59,515","59,531","59,887",50.675786,-120.424031
579,St. Clair Shores city,Michigan,"59,715","59,715","59,713","59,798",36.59432,-75.887601
580,Taylorsville city,Utah,"58,652","58,652","58,858","59,767",19.380696,-99.178926
581,Springfield city,Oregon,"59,403","59,403","59,431","59,695",38.803184,-104.699753
582,New Braunfels city,Texas,"57,740","57,742","58,226","59,590",36.787371,-76.283551
583,Alpharetta city,Georgia,"57,551","57,551","57,877","59,397",37.891713,-88.320043
584,National City city,California,"58,582","58,578","58,750","59,369",25.184732,121.446608
585,Gardena city,California,"58,829","58,829","58,878","59,253",36.120596,-95.985336
586,Cupertino city,California,"58,302","58,302","58,455","59,220",38.338659,-87.345013
587,Ames city,Iowa,"58,965","58,965","58,981","59,042",19.379985,-99.180601
588,Conroe city,Texas,"56,207","57,038","57,466","58,973",26.039853,-80.295064
589,Great Falls city,Montana,"58,505","58,579","58,711","58,950",37.785506,-122.288579
590,Bowling Green city,Kentucky,"58,067","58,062","58,242","58,894",40.632326,-74.165144
591,Lakewood city,Washington,"58,163","58,163","58,173","58,839",14.627215,121.045395
592,Grand Junction city,Colorado,"58,566","58,564","58,402","58,704",38.319083,-77.496358
593,Des Plaines city,Illinois,"58,364","58,364","58,425","58,617",27.960633,-82.441897
594,Huntington Park city,California,"58,114","58,114","58,165","58,536",33.782108,-118.297551
595,Petaluma city,California,"57,941","57,941","58,041","58,453",39.78373,-100.445882
596,Rocklin city,California,"56,974","56,904","57,197","58,324",-33.830278,18.631944
597,San Rafael city,California,"57,713","57,713","57,800","58,313",14.583335,121.013041
598,Dubuque city,Iowa,"57,637","57,637","57,778","58,234",38.627273,-90.197889
599,Chapel Hill town,North Carolina,"57,233","57,233","57,389","58,011",-34.019995,18.362116
600,West Des Moines city,Iowa,"56,609","56,609","56,875","57,909",14.730827,121.064717
601,La Mesa city,California,"57,065","57,065","57,251","57,907",40.730599,-73.986581
602,North Port city,Florida,"57,357","57,357","57,448","57,780",19.363055,-99.247796
603,Idaho Falls city,Idaho,"56,813","56,813","57,022","57,646",17.814947,-88.311548
604,Mansfield city,Texas,"56,368","56,368","56,611","57,627",41.337302,-75.73297
605,Royal Oak city,Michigan,"57,236","57,236","57,251","57,607",36.723483,-76.593562
606,Owensboro city,Kentucky,"57,265","57,267","57,323","57,605",30.555139,104.04978
607,Blaine city,Minnesota,"57,186","57,186","57,295","57,584",7.130837,125.747808
608,Rogers city,Arkansas,"55,964","55,964","56,365","57,539",19.575758,-99.133289
609,Rowlett city,Texas,"56,199","56,199","56,406","57,463",41.940897,-78.555579
610,Rocky Mount city,North Carolina,"57,477","57,475","57,482","57,433",15.791741,120.989145
611,Marietta city,Georgia,"56,579","56,593","56,727","57,357",40.070886,-74.84843
612,Broomfield city,Colorado,"55,889","55,889","56,113","57,352",39.78373,-100.445882
613,White Plains city,New York,"56,853","56,853","56,923","57,258",38.781095,-107.950898
614,Dearborn Heights city,Michigan,"57,774","57,774","57,605","57,186",37.779277,-122.41927
615,Wellington village,Florida,"56,508","56,508","56,629","57,163",34.460644,-86.233315
616,Orland Park village,Illinois,"56,767","56,767","56,826","57,016",-33.962545,18.639268
617,Tinley Park village,Illinois,"56,703","56,703","56,769","56,965",38.959105,-94.580993
618,Oak Lawn village,Illinois,"56,690","56,690","56,748","56,937",14.674334,121.10036
619,Berwyn city,Illinois,"56,657","56,657","56,718","56,906",-34.607566,-58.403463
620,Arcadia city,California,"56,364","56,364","56,411","56,769",31.799025,-106.443639
621,Medford city,Massachusetts,"56,173","56,173","56,272","56,738",36.735428,-76.600785
622,Port Orange city,Florida,"56,048","56,505","56,512","56,529",25.18416,121.44694
623,Ocala city,Florida,"56,315","56,315","56,333","56,517",32.964548,-102.829096
624,Lakeville city,Minnesota,"55,954","55,954","56,041","56,443",39.78373,-100.445882
625,Kettering city,Ohio,"56,163","56,163","56,233","56,427",38.894955,-77.036646
626,Moore city,Oklahoma,"55,081","55,081","55,342","56,315",39.78373,-100.445882
627,Fountain Valley city,California,"55,313","55,313","55,448","56,153",39.78373,-100.445882
628,Valdosta city,Georgia,"54,518","54,763","54,978","56,019",19.387383,-99.178516
629,Casper city,Wyoming,"55,316","55,316","55,333","55,988",19.363939,-99.249048
630,Anderson city,Indiana,"56,129","56,129","56,136","55,957",35.473444,-97.518506
631,Diamond Bar city,California,"55,544","55,544","55,593","55,951",35.489485,-97.549931
632,Taunton city,Massachusetts,"55,874","55,874","55,899","55,940",35.144828,-106.613232
633,Jupiter town,Florida,"55,156","55,276","55,394","55,911",39.78373,-100.445882
634,Decatur city,Alabama,"55,683","55,683","55,738","55,902",20.210278,-98.992778
635,Woodland city,California,"55,468","55,468","55,539","55,806",14.890102,-90.558705
636,Novi city,Michigan,"55,224","55,224","55,238","55,583",39.78373,-100.445882
637,West Haven city,Connecticut,"55,564","55,564","55,561","55,477",37.785426,-122.289152
638,New Brunswick city,New Jersey,"55,181","55,181","55,234","55,444",50.675786,-120.424031
639,Carson City,Nevada,"55,274","55,274","55,212","55,439",36.59432,-75.887601
640,Midwest City city,Oklahoma,"54,371","54,371","54,576","55,427",19.380696,-99.178926
641,Chicopee city,Massachusetts,"55,298","55,298","55,325","55,333",38.803184,-104.699753
642,Bowie city,Maryland,"54,727","54,727","54,842","55,232",36.787371,-76.283551
643,Redmond city,Washington,"54,144","54,144","54,313","55,228",37.891713,-88.320043
644,Bartlett city,Tennessee,"54,613","54,613","54,689","55,055",25.184732,121.446608
645,Porterville city,California,"54,165","54,165","54,326","55,023",36.120596,-95.985336
646,Eastvale city,California,(X),"53,683","54,014","54,930",38.338659,-87.345013
647,Pocatello city,Idaho,"54,255","54,255","54,373","54,810",19.379985,-99.180601
648,Corvallis city,Oregon,"54,462","54,461","54,428","54,674",26.039853,-80.295064
649,Elyria city,Ohio,"54,533","54,533","54,564","54,581",37.785506,-122.288579
650,Auburn city,Alabama,"53,380","53,391","53,587","54,566",40.632326,-74.165144
651,Paramount city,California,"54,098","54,098","54,146","54,492",14.627215,121.045395
652,Mount Prospect village,Illinois,"54,167","54,167","54,224","54,403",38.319083,-77.496358
653,Hanford city,California,"53,967","53,967","54,050","54,284",27.960633,-82.441897
654,Margate city,Florida,"53,284","53,284","53,407","54,270",33.782108,-118.297551
655,Santee city,California,"53,413","53,413","53,584","54,197",39.78373,-100.445882
656,Rosemead city,California,"53,764","53,764","53,811","54,154",-33.830278,18.631944
657,Weymouth Town city,Massachusetts,"53,743","53,743","53,846","54,116",14.583335,121.013041
658,Hempstead village,New York,"53,891","53,891","53,952","54,088",38.627273,-90.197889
659,Shoreline city,Washington,"53,007","53,007","53,167","54,044",-34.019995,18.362116
660,Port Arthur city,Texas,"53,818","53,818","53,840","53,937",14.730827,121.064717
661,Sanford city,Florida,"53,570","53,633","53,695","53,926",40.730599,-73.986581
662,Coconut Creek city,Florida,"52,909","52,936","53,061","53,915",19.363055,-99.247796
663,Highland city,California,"53,104","53,104","53,286","53,903",17.814947,-88.311548
664,Delano city,California,"53,041","53,041","53,402","53,819",41.337302,-75.73297
665,Manhattan city,Kansas,"52,281","52,281","52,551","53,678",36.723483,-76.593562
666,Noblesville city,Indiana,"51,969","51,968","52,321","53,515",30.555139,104.04978
667,Lake Elsinore city,California,"51,821","52,214","52,533","53,417",7.130837,125.747808
668,St. Peters city,Missouri,"52,575","52,575","52,758","53,264",19.575758,-99.133289
669,Wheaton city,Illinois,"52,894","52,894","52,951","53,238",41.940897,-78.555579
670,Colton city,California,"52,154","52,155","52,331","52,940",15.791741,120.989145
671,Lake Havasu City city,Arizona,"52,527","52,532","52,575","52,935",40.070886,-74.84843
672,Normal town,Illinois,"52,497","52,497","52,570","52,772",39.78373,-100.445882
673,Blue Springs city,Missouri,"52,575","52,575","52,637","52,749",38.781095,-107.950898
674,Grand Forks city,North Dakota,"52,838","52,838","52,903","52,631",37.779277,-122.41927
675,Revere city,Massachusetts,"51,755","51,755","51,832","52,459",34.460644,-86.233315
676,Novato city,California,"51,904","51,904","51,983","52,456",-33.962545,18.639268
677,Euless city,Texas,"51,277","51,277","51,502","52,443",38.959105,-94.580993
678,Cathedral City city,California,"51,200","51,200","51,515","52,381",14.674334,121.10036
679,Hendersonville city,Tennessee,"51,372","51,372","51,589","52,349",-34.607566,-58.403463
680,Sarasota city,Florida,"51,917","51,983","52,060","52,341",31.799025,-106.443639
681,Brentwood city,California,"51,481","51,481","51,657","52,326",36.735428,-76.600785
682,Pensacola city,Florida,"51,923","51,923","51,986","52,197",25.18416,121.44694
683,Florissant city,Missouri,"52,158","52,158","52,149","52,145",32.964548,-102.829096
684,Yucaipa city,California,"51,367","51,371","51,546","52,139",39.78373,-100.445882
685,Hoffman Estates village,Illinois,"51,895","51,895","51,948","52,124",38.894955,-77.036646
686,Oak Park village,Illinois,"51,878","51,878","51,932","52,104",39.78373,-100.445882
687,Battle Creek city,Michigan,"52,347","52,347","52,322","52,093",39.78373,-100.445882
688,Smyrna city,Georgia,"51,271","51,271","51,396","51,982",19.387383,-99.178516
689,Lakewood city,Ohio,"52,131","52,131","52,042","51,724",19.363939,-99.249048
690,La Crosse city,Wisconsin,"51,320","51,320","51,419","51,719",35.473444,-97.518506
691,Peabody city,Massachusetts,"51,251","51,251","51,344","51,653",35.489485,-97.549931
692,Buckeye town,Arizona,"50,876","50,913","51,090","51,649",35.144828,-106.613232
693,Watsonville city,California,"51,199","51,199","51,300","51,586",39.78373,-100.445882
694,Greenwood city,Indiana,"49,791","50,851","50,988","51,584",20.210278,-98.992778
695,South Jordan city,Utah,"50,418","50,418","50,595","51,377",14.890102,-90.558705
696,Elkhart city,Indiana,"50,949","50,964","50,962","51,320",39.78373,-100.445882
697,Bellevue city,Nebraska,"50,137","50,137","50,405","51,319",37.785426,-122.289152
698,Placentia city,California,"50,533","50,533","50,656","51,302",50.675786,-120.424031
699,Cedar Park city,Texas,"48,937","48,937","49,419","51,283",36.59432,-75.887601
700,Saginaw city,Michigan,"51,508","51,508","51,455","51,230",19.380696,-99.178926
701,Milford city (balance),Connecticut,"51,271","51,271","51,268","51,189",38.803184,-104.699753
702,Charleston city,West Virginia,"51,400","51,371","51,351","51,177",36.787371,-76.283551
703,Perth Amboy city,New Jersey,"50,814","50,814","50,870","51,093",37.891713,-88.320043
704,Burlington city,North Carolina,"49,963","50,201","50,336","50,925",25.184732,121.446608
705,Albany city,Oregon,"50,158","50,158","50,222","50,724",36.120596,-95.985336
706,Joplin city,Missouri,"50,150","50,150","50,277","50,559",38.338659,-87.345013
707,Hoboken city,New Jersey,"50,005","50,005","50,060","50,545",19.379985,-99.180601
708.5,Minnetonka city,Minnesota,"49,734","49,734","49,806","50,435",26.039853,-80.295064
708.5,Glendora city,California,"50,073","50,073","50,114","50,435",37.785506,-122.288579
710,West New York town,New Jersey,"49,708","49,708","49,766","50,260",40.632326,-74.165144
711,Bradenton city,Florida,"49,546","49,546","49,639","50,193",14.627215,121.045395
712,Troy city,New York,"50,129","50,129","50,140","50,120",38.319083,-77.496358
713,Niagara Falls city,New York,"50,193","50,193","50,211","50,086",27.960633,-82.441897
714,Plainfield city,New Jersey,"49,808","49,808","49,898","50,085",33.782108,-118.297551
715,DeSoto city,Texas,"49,047","49,047","49,194","50,045",39.78373,-100.445882
